mean,regionname,state
106436.945312,South Pasadena,FL
34830.1210938,Lempster,NH
245760.234375,Placentia,CA
206141.359375,San Rafael,CA
71158.234375,Millcreek Township,PA
160196.390625,West Jordan,UT
184440.15625,Orange,CA
26347.7910156,Delta,CO
93592.3671875,Weston,FL
224237.34375,Oxnard,CA
16397.9921875,Twin Falls,ID
43295.984375,Lake Wales,FL
238463.046875,Santa Rosa,CA
64024.4960938,Rocky Hill,CT
17543.3730469,Gulfport,MS
46419.2773438,Hickory,NC
45998.3945312,Seatac,WA
133535.75,Hillsboro,OR
175722.890625,Oak Harbor,WA
54197.1875,Wildwood,MO
21462.6503906,Elmwood Park,IL
62236.1445312,Martinsville,IN
68758.234375,Spokane Valley,WA
75730.1171875,Sweet Home,OR
119951.007812,Northampton,MA
122155.820312,Bethlehem,PA
43673.4921875,Carnot-Moon,PA
322180.3125,Westport,MA
79988.3515625,Lebanon,OR
27703.2128906,Onsted,MI
108385.539062,Sequim,WA
63218.0742188,Palm Harbor,FL
380908.90625,Cohasset,MA
80859.8359375,Bridgeport,CT
60141.3671875,Middleborough,MA
80930.921875,Bristol,CT
117591.5625,Dunwoody,GA
227443.375,San Gabriel,CA
29805.6230469,Amherst,NY
79402.0078125,Bloomfield Hills,MI
56204.8203125,Laconia,NH
57057.4296875,Tallahassee,FL
366771.53125,Capitola,CA
40265.0585938,Twain Harte,CA
178977.90625,Portsmouth,RI
64614.859375,Rye,CO
174602.40625,Florence-Graham,CA
50908.03125,Hialeah Gardens,FL
103338.554688,Town of Colonie,NY
24840.9628906,Valley,WA
36124.0976562,Whitefish,MT
146406.03125,Blue Bell,PA
170442.171875,Moultonborough,NH
41567.0664062,Yardley,PA
84565.0625,Guerneville,CA
188283.9375,Long Branch,NJ
88700.3984375,Mankato,MN
214653.015625,Needham,MA
230151.8125,Seattle,WA
95614.0546875,Worcester,MA
45495.984375,Peru,IN
123342.96875,Clinton,CT
103560.640625,New Smyrna Beach,FL
468370.625,Beverly Hills,CA
86043.375,Upper Providence Township,PA
46409.6367188,Taft,CA
99446.984375,Ashford,WA
45764.2578125,Logansport,IN
38616.8671875,Cathedral City,CA
69678.71875,Shaler Township,PA
293197.1875,Morro Bay,CA
88058.6328125,Kirkwood,MO
124402.40625,Littleton,CO
94513.65625,Farmington,CT
44471.0859375,University,FL
41737.3476562,Granby,CO
250897.1875,Daly City,CA
166394.375,National City,CA
175207.234375,Atkinson,NH
191072.6875,Highland Beach,FL
95627.3125,Ojai,CA
237055.828125,Lomita,CA
74896.3828125,Clarkesville,GA
63644.1757812,Homewood,AL
64041.3671875,Bakersfield,CA
27730.9238281,Allentown,PA
211667.46875,Camarillo,CA
48977.9101562,Lake Magdalene,FL
33563.453125,Valparaiso,IN
99918.875,Glen Ellyn,IL
129157.03125,Town of Meredith,NH
86529.3203125,McHenry,IL
99490.765625,Elk Grove Village,IL
42926.90625,Deerfield Beach,FL
69416.8671875,Saint Cloud,FL
181926.90625,Aiea,HI
43096.3867188,Pasadena,TX
17517.2695312,Conyers,GA
56665.8632812,Lake Forest Park,WA
73678.71875,Chattanooga,TN
30516.4667969,Dillon,MT
92360.2421875,Becket,MA
142988.75,Madison,CT
115810.039062,Welches,OR
104492.367188,Greeley,CO
43668.2734375,Lauderhill,FL
184977.109375,Port Ewen,NY
151496.390625,Saratoga Springs,NY
124080.726562,Rock Hill,MO
150140.96875,West Chester,PA
104102.40625,Westborough,MA
239214.859375,Novato,CA
54520.4804688,Carroll,NH
156818.875,Santa Maria,CA
209169.078125,Town of Sandwich,MA
73756.625,North Miami,FL
133547.390625,Hilton Head Island,SC
99118.0703125,Black Mountain,NC
37559.0351562,Granite Falls,WA
76244.1796875,Cromwell,CT
47287.5507812,Holland,OH
232588.75,Gig Harbor,WA
46446.5859375,Jennings,MO
228129.71875,Siesta Key,FL
14455.421875,Canton,OH
99010.84375,Cave Junction,OR
233162.65625,Atascadero,CA
166204.8125,Golden Valley,MN
133834.9375,West Linn,OR
269055.8125,Ventura,CA
183276.3125,Ramona,CA
132960.640625,Lake Arrowhead,CA
71935.7421875,Long Beach,CA
19722.4902344,Seymour,IN
249629.71875,Oakland,CA
113860.640625,Redwood City,CA
165628.515625,Pacifica,CA
249982.734375,Gilroy,CA
11039.3574219,Muskegon Township,MI
95691.96875,Calabasas,CA
142013.65625,Longmont,CO
110277.109375,Town of Bristol,NH
86491.1640625,South Windsor,CT
18650.2011719,Goshen,IN
267303.625,Los Angeles,CA
108013.65625,Fort Collins,CO
130597.992188,Manitou Springs,CO
176655.828125,Franconia,VA
61619.2773438,Appleton,WI
38949.8007812,Avon,CT
69894.78125,Painesville,OH
157673.5,Beverly,MA
482235.71875,Palo Alto,CA
37603.2109375,Flint,MI
59343.375,Klamath Falls,OR
110480.726562,Rockland,MA
38259.0351562,Thornville,OH
17487.1484375,Shreveport,LA
61567.8710938,Saint Petersburg,FL
290741.34375,Rancho Palos Verdes,CA
120348.195312,Mount Vernon,VA
41302.4101562,Thomaston,GA
189978.71875,Charlestown,RI
42969.8789062,Mobile,AL
180118.46875,Fairfax,VA
119152.210938,Annandale,VA
158621.28125,Kingston,NH
139497.984375,South Palm Beach,FL
120109.234375,Bozeman,MT
152381.125,Barnstable,MA
145226.109375,New Orleans,LA
157416.46875,Charlton,MA
164317.671875,Colfax,CA
58519.2773438,Palmetto,FL
126569.882812,Danvers,MA
130012.453125,Chico,CA
164016.875,Stoneham,MA
30737.7519531,Gahanna,OH
123116.867188,East Brunswick,NJ
119017.671875,Phelan,CA
150245.375,Falls Church,VA
349571.90625,Sausalito,CA
456745.1875,Fairfax,CA
135377.90625,Minnetonka,MN
77011.6484375,Hudson,FL
9394.77929688,Dearborn,MI
242375.90625,Provincetown,MA
126695.984375,Skokie,IL
167982.328125,Stratford,CT
223221.6875,Kings Beach,CA
20418.4746094,Jeffersonville,IN
239130.921875,Town of Ipswich,MA
67986.75,Oakland Park,FL
51509.6367188,Lakewood,OH
208834.9375,Marblehead,MA
35606.828125,Little Compton,RI
180762.65625,Arlington,MA
67422.4921875,Statesville,NC
150984.734375,West Carson,CA
54867.0664062,Cutler Bay,FL
265544.59375,Ashland,OR
57118.4726562,Diamond Bar,CA
60594.7773438,Agawam,MA
61302.0078125,Deland,FL
17372.6914062,Orange Park,FL
91333.3359375,Faribault,MN
91893.9765625,Gainesville,GA
80628.515625,Las Cruces,NM
53567.46875,Stuart,FL
113875.5,Lowell,MA
105600.0,Bloomingdale,IL
267423.28125,New Canaan,CT
419836.5625,Cupertino,CA
53129.3164062,Saint John,MO
107073.492188,Des Plaines,IL
45592.3710938,Unionville,IN
137976.3125,Edison,NJ
119262.648438,Town of Saugerties,NY
17605.6230469,Plantation,FL
130657.828125,Northampton Township,PA
32597.5898438,Madison,IN
181818.875,Hull,MA
93607.2265625,Henrico,VA
10829.3173828,Sunrise,FL
110463.054688,Asheville,NC
272988.75,Los Osos,CA
43337.3476562,Kokomo,IN
16841.3652344,Lincoln,NH
295483.5625,Solana Beach,CA
103477.914062,Southington,CT
417436.5625,Santa Cruz,CA
83435.7421875,Kendale Lakes,FL
179336.546875,Chicago,IL
43326.1054688,Spartanburg,SC
247612.84375,Alpine,CA
20532.9316406,Syracuse,NY
46462.6523438,Portland,IN
50098.796875,Bonita Springs,FL
15238.5546875,Evansville,IN
125474.695312,East Greenwich,RI
71948.59375,North Providence,RI
44713.65625,Hazelwood,MO
54990.7617188,Melbourne,FL
17146.5859375,Boynton Beach,FL
132257.03125,Fort Lauderdale,FL
145022.484375,Bayfield,CO
147274.296875,Burlington,MA
20275.5019531,Kannapolis,NC
148847.390625,Niantic,CT
87102.40625,North Attleboro,MA
107293.578125,New Hartford,CT
278364.28125,Jamestown,RI
71870.28125,Lewiston,ID
204638.953125,Baldwin Park,CA
224645.78125,Holmes Beach,FL
117067.46875,Rhododendron,OR
87636.546875,Langley,WA
73994.375,Saint Louis,MO
145812.046875,Centreville,VA
91062.6484375,El Monte,CA
354162.75,Key West,FL
146157.828125,Coral Gables,FL
72420.484375,Hialeah,FL
197219.28125,Stanton,CA
81757.03125,Rochester,MN
55261.8476562,Morganton,NC
94643.7734375,West Norriton,PA
119773.492188,Baltimore,MD
208387.546875,Belmont,MA
43079.5195312,North Olmsted,OH
307306.8125,San Luis Obispo,CA
89624.8984375,West Palm Beach,FL
150027.703125,Sierra Madre,CA
48470.28125,East Peoria,IL
74228.109375,Beacon Falls,CT
307595.5625,Hoboken,NJ
69061.046875,Susquehanna Trails,PA
175632.125,Fullerton,CA
104005.21875,Druid Hills,GA
41874.296875,Clearwater,FL
184592.765625,Jersey City,NJ
122022.492188,Cumming,GA
106323.296875,Acton,MA
43317.2695312,Malvern,PA
50999.5976562,Rapho Township,PA
30159.8398438,West Warwick,RI
218976.703125,Winthrop,MA
107881.523438,West Haven-Sylvan,OR
103087.546875,Arlington Heights,IL
57081.9257812,Greenville,SC
116003.210938,Manitou Beach,MI
117344.976562,Madison,WI
100303.210938,Plymouth Meeting,PA
144820.484375,Arnold,CA
80379.921875,Creve Coeur,MO
229249.390625,Culver City,CA
78197.1875,Tucson,AZ
63455.421875,Vernon Rockville,CT
71951.8046875,Sandy Springs,GA
13997.1884766,Gastonia,NC
64675.5039062,Port Salerno,FL
151345.375,Northfield,MN
236766.671875,Forestville,CA
13714.859375,Niagara Falls,NY
15283.5341797,Henderson,NV
88972.6875,La Pine,OR
112532.125,Tredyffrin,PA
203467.875,Marco Island,FL
16450.6015625,Salem,IN
127569.078125,Bend,OR
77553.8125,Ferndale,MI
50169.4765625,Lake Placid,FL
80436.9453125,Leominster,MA
34994.3789062,Hammond,IN
22050.6015625,Greenwood,IN
147253.40625,Yucaipa,CA
143367.875,Revere,MA
123859.039062,Brentwood,MO
80732.53125,Aurora,IL
57828.1132812,Gainesville,FL
177985.140625,Newburyport,MA
281983.96875,Torrance,CA
83793.9765625,Wofford Heights,CA
112862.648438,Lakewood,WA
102514.054688,Naples,FL
117874.695312,Winchester,VA
72519.2734375,Cerritos,CA
165423.6875,Wakefield,MA
185530.125,Marathon,FL
110569.882812,Coventry,CT
96556.625,Cocoa Beach,FL
80709.640625,Washington,MO
33195.984375,Duncan,OK
238631.328125,Fallbrook,CA
23031.3261719,Cedar Mill,OR
211575.09375,Highlands Ranch,CO
57074.6992188,Hazel Park,MI
71557.03125,Auburn Hills,MI
55282.328125,North College Hill,OH
130957.03125,North Reading,MA
53262.6523438,Lorain,OH
71091.5625,Wheeling,IL
149824.90625,Vienna,VA
149635.75,Boulder,CO
58007.2304688,Columbia,MO
164211.640625,Annapolis,CA
141754.21875,Atlanta,GA
58779.1171875,Crawfordsville,IN
138595.1875,Hillsborough,NJ
57293.9765625,Fort Myers,FL
158612.046875,Lakeville,MA
81655.0234375,Belmont,NH
109332.125,East Providence,RI
135541.765625,Ann Arbor,MI
60034.1367188,Cotopaxi,CO
122467.875,Point Roberts,WA
77022.890625,Cheshire,CT
98173.8984375,Salem,OR
48597.1875,Lakeland,FL
74356.625,Columbia City,IN
17206.0234375,Rockport,TX
162426.109375,La Habra,CA
40590.3632812,Ocklawaha,FL
63833.734375,Farmington Hills,MI
231355.421875,Port Chester,NY
38531.7265625,Town of Poughkeepsie,NY
63393.171875,Boca Raton,FL
291925.71875,Mountain View,CA
118465.867188,Northport,AL
127916.867188,Silver Spring,MD
34469.078125,Town of Ellicottville,NY
76526.5078125,Naches,WA
128797.59375,Bellvue,CO
43479.5195312,Golden Lakes,FL
19003.6152344,Greer,SC
28718.875,Pittsburgh,PA
29897.1894531,Shelton,CT
91955.0234375,Wilmington,DE
251272.296875,Lexington,MA
54455.0195312,Bristol,VA
16831.7265625,Burlington,NC
65933.3359375,Birmingham,AL
79304.8203125,Glastonbury,CT
124143.773438,North Bergen,NJ
128677.109375,Cranston,RI
142859.03125,Natick,MA
26929.71875,Ridgecrest,CA
313042.1875,Chesterfield,MO
414374.3125,Westport,CT
242201.609375,Alhambra,CA
128975.101562,Westfield,MA
146788.75,Wareham,MA
49474.6992188,Bay Harbor Islands,FL
43601.6054688,Bay City,MI
181846.59375,Old Saybrook,CT
208343.78125,Annapolis,MD
83578.71875,Rochester Hills,MI
242765.859375,Somerville,MA
73312.8515625,Buhl,ID
21770.6835938,Austin,MN
125314.054688,Ewa Beach,HI
200596.78125,Stanwood,WA
113308.03125,Milwaukee,WI
129508.4375,Darien,CT
212688.75,Wilton,CT
136458.640625,Puyallup,WA
95932.9296875,Saint Louis Park,MN
120055.023438,Santa Fe,NM
120330.523438,Ossipee,NH
118463.453125,Gloucester,VA
129876.703125,Bothell,WA
15073.0927734,Winter Park,FL
23868.2734375,Salina,KS
80918.0703125,Susquehanna Township,PA
53579.9179688,New Britain,CT
40873.8945312,Town of Raymond,NH
159932.53125,Melrose,MA
202678.3125,Newport,RI
101258.632812,Lake George,CO
56452.609375,Altamonte Springs,FL
120352.609375,Town of Amesbury,MA
43982.328125,Barnstead,NH
186911.25,Bellevue,WA
39285.5429688,Canaan,NH
16543.3730469,Alliance,OH
95474.6953125,Naperville,IL
208330.515625,Middleton,MA
56932.9335938,Coal Creek,CO
65541.765625,Ojus,FL
126169.882812,Medford,OR
48144.9804688,Pagedale,MO
331910.5,Lexington Hills,CA
88092.3671875,Grand Junction,CO
79168.671875,Telluride,CO
83517.265625,Acworth,GA
61114.4570312,Winter Park,CO
51760.640625,Asbury Park,NJ
114116.867188,Brewster,MA
127873.898438,Kenmore,WA
36775.9023438,Avon Park,FL
78379.1171875,Newington,CT
42561.4453125,Town of Milford,NH
74122.0859375,Bonners Ferry,ID
53134.5390625,Maumee,OH
213538.546875,South Gate,CA
115277.914062,Auberry,CA
228202.40625,Laguna Niguel,CA
94591.5625,Warminster,PA
122445.382812,Virginia Beach,VA
305712.90625,Westminster,CA
153486.34375,Port Angeles,WA
24800.8027344,Canonsburg,PA
15872.2890625,Marion,NC
34122.0898438,McKeesport,PA
855642.625,Manhattan Beach,CA
275530.9375,Moorpark,CA
60480.7226562,Seffner,FL
284051.4375,Kihei,HI
198347.390625,Auburn,CA
42041.3671875,Lehigh Acres,FL
167257.4375,Quincy,MA
81197.59375,Towamencin Township,PA
77899.1953125,Mooresville,IN
75071.0859375,Huntington Park,CA
79772.2890625,Berlin,CT
144338.953125,Fawnskin,CA
77852.2109375,Fort Worth,TX
45778.7148438,Pekin,IL
92310.4453125,Downers Grove,IL
90179.515625,Lombard,IL
174988.75,Alexandria,VA
161542.96875,Town of Fishkill,NY
107430.921875,Greenwood Lake,NY
167262.25,Watertown Township,MI
137281.125,Pearl City,HI
19976.3046875,Sumter,SC
49649.3984375,Meriden,CT
190687.546875,Easton,MA
141702.40625,Redmond,WA
45081.5273438,Idyllwild,CA
127791.5625,Fairfield,CA
101951.007812,Nashville,TN
195189.953125,Town of Rhinebeck,NY
48408.03125,Delray Beach,FL
57703.2109375,Holly Hill,FL
182567.0625,Maple Grove,MN
151149.0,Eatonville,WA
196160.234375,San Anselmo,CA
43076.3046875,Wenatchee,WA
18109.6386719,Xenia,OH
38814.859375,North Webster,IN
109669.476562,Randolph,MA
63133.3320312,Dover,FL
92375.90625,Lakewood,CO
104266.664062,Mound,MN
78048.1953125,Whitemarsh Island,GA
124327.710938,Arvada,CO
84844.9765625,El Paso,TX
67675.5,Pensacola,FL
80441.3671875,Middletown,CT
89465.0625,Town of New Milford,CT
378405.0625,Cambria,CA
205034.140625,Anacortes,WA
285181.1875,Boston,MA
124299.195312,Treasure Island,FL
84289.5546875,Chicopee,MA
69344.9765625,Palm Springs,CA
246408.4375,Somers,NY
96095.1796875,Berry Creek,CA
147768.671875,Rancho Mirage,CA
46197.1875,Normandy,MO
102348.195312,Woonsocket,RI
103769.882812,Eau Claire,WI
204893.171875,Tustin,CA
74739.7578125,Winthrop,WA
100083.53125,Roswell,GA
217614.0625,Mercer Island,WA
221381.921875,Lincoln,CA
152726.109375,Washougal,WA
157279.921875,Sunny Isles Beach,FL
132742.5625,Stratham,NH
203154.21875,Freeland,WA
68232.9296875,Plymouth,IN
144415.265625,Port Saint Joe,FL
236825.296875,Paso Robles,CA
26363.8554688,Shasta Lake,CA
66804.8203125,Town of Janesville,WI
159389.15625,Lake Carmel,NY
147419.28125,Stillwater,MN
92361.84375,Burnsville,MN
127857.03125,Oakdale,MN
86611.6484375,Maggie Valley,NC
42369.8789062,Port Charlotte,FL
91689.15625,Bellflower,CA
225957.03125,Monterey Park,CA
123071.085938,Tigard,OR
119761.84375,Eugene,OR
90216.46875,Arden-Arcade,CA
86911.2421875,North Las Vegas,NV
27094.3769531,Rochester,NH
90747.7890625,Oroville,CA
90284.7421875,West Little River,FL
37849.3984375,Palm Springs,FL
127656.625,Glocester,RI
63020.4804688,North Bend,OR
33084.7382812,Columbus,IN
54291.1640625,Shelbyville,IN
105177.507812,Plainsboro Township,NJ
125813.65625,Westmont,IL
244391.5625,White Plains,NY
62261.8476562,York,PA
150357.03125,Ocean City,MD
10071.8876953,Marion,IN
70223.296875,Roanoke,VA
166627.703125,Graham,WA
44282.7304688,Brownsville,TX
113323.296875,Stafford Springs,CT
114946.1875,Town of Newburgh,NY
67312.453125,Rocky Mount,NC
126827.710938,Roseville,CA
41065.4609375,Beverly Hills,FL
137675.5,Milford,CT
132929.3125,Patterson,NY
362084.125,Foster City,CA
121661.445312,Doylestown Township,PA
115082.734375,Lynn,MA
330757.0,Larkspur,CA
43316.8671875,Greenacres,FL
63194.3789062,Sandusky,OH
88010.0390625,Effingham,IL
82579.921875,Leavenworth,WA
93155.0234375,Conshohocken,PA
287899.21875,Brookline,MA
91332.53125,Dracut,MA
93431.328125,North Wales,PA
138883.9375,East Haddam,CT
226624.90625,Watertown,MA
10975.1005859,Saginaw,MI
105131.726562,North Wildwood,NJ
75813.65625,Windsor Locks,CT
157690.765625,Estes Park,CO
51609.6367188,Cleveland,GA
69895.984375,Springfield,MA
177918.875,Herndon,VA
96074.296875,Schaumburg,IL
126732.929688,Town of Portland,CT
200274.703125,Eastham,MA
117043.773438,Limerick,PA
111322.890625,Raleigh,NC
67168.2734375,Ives Estates,FL
145913.25,Panama City Beach,FL
186052.203125,Dedham,MA
122543.773438,Goffstown,NH
44303.6132812,Egypt Lake-Leto,FL
347068.90625,Long Beach,NY
89133.734375,Branford,CT
139315.65625,Decatur,GA
325919.25,Castro Valley,CA
197637.34375,Port Townsend,WA
134183.9375,Taunton,MA
78235.34375,Town of Hampton,NH
143100.40625,Marbletown,NY
176730.515625,Mount Vernon,WA
92961.046875,Agoura Hills,CA
126023.296875,Seaside,OR
173305.625,Garden Grove,CA
91246.5859375,Jupiter,FL
126317.265625,Woodstock,CT
75994.375,Ridgway,CO
9115.26074219,Edcouch,TX
24027.7109375,Pompano Beach,FL
86096.3828125,Kenosha,WI
194441.359375,Reston,VA
16676.7070312,Jackson,NH
153602.40625,West New York,NJ
122873.898438,Gold Bar,WA
100223.695312,Queensbury,NY
199094.78125,Philadelphia,PA
262753.40625,Rosemead,CA
42196.3867188,North River Shores,FL
128110.445312,Norfolk,VA
43240.1601562,Town of Lenox,MA
115338.15625,Columbia,MD
173048.1875,Hutchinson Island South,FL
157583.125,Waialua,HI
104275.5,Clinton,MA
101945.382812,Casper,WY
286545.0,Cambridge,MA
93743.7734375,Walled Lake,MI
110980.320312,West Point,CA
92125.3046875,Kendall,FL
228921.6875,Kahuku,HI
250506.03125,Town of Falmouth,MA
62663.0507812,Fairhope,AL
146201.609375,Louisville,CO
131205.625,Woburn,MA
14441.7666016,Springfield,OH
176638.546875,Guilford,CT
80709.640625,Lexington,KY
60917.2695312,Lyons,CO
18083.5332031,Covington,KY
71334.1328125,Saint Peters,MO
26394.7792969,Olivehurst,CA
48576.7070312,Rocky River,OH
28587.5507812,Terre Haute,IN
239697.984375,Huntington Beach,CA
152605.625,Healdsburg,CA
130020.882812,Phoenixville,PA
95462.25,Schiller Park,IL
142999.59375,Arlington,WA
247989.953125,Arlington,VA
101659.4375,Edgemoor,DE
367157.0,Pismo Beach,CA
106193.171875,Grand Rapids,MI
203996.390625,Maunaloa,HI
146380.328125,Corvallis,OR
44894.3789062,Orlando,FL
204555.828125,Oak Park,CA
46804.4179688,Boonville,IN
99663.8515625,Billerica,MA
79918.0703125,Suncook,NH
223458.234375,Bonney Lake,WA
57746.1835938,Northfield,OH
212959.4375,Narragansett,RI
50261.0429688,Vero Beach,FL
183049.796875,Miami,FL
315089.59375,Hermosa Beach,CA
181960.234375,Yorba Linda,CA
39003.6132812,Barberton,OH
32614.859375,Thornton,NH
35252.2070312,Dunedin,FL
83555.421875,Oak Lawn,IL
46180.7226562,Pine Lawn,MO
210196.390625,Guttenberg,NJ
23366.265625,Cape Girardeau,MO
75677.5078125,Crystal River,FL
86695.984375,Cleveland Heights,OH
56994.3789062,Hermiston,OR
23033.734375,Kelso,WA
54229.3164062,Canton,NC
41280.7226562,Hibbing,MN
40906.828125,Webster Groves,MO
46818.4726562,West Mifflin,PA
176402.40625,Englewood,NJ
60765.8632812,Walla Walla,WA
163468.671875,Montvale,NJ
20182.3300781,Davie,FL
211406.03125,Nevada City,CA
100134.132812,Maplewood,MO
21125.703125,Town of Newmarket,NH
66172.6875,Nederland,CO
92531.328125,Kingston,NY
71953.8125,Torrington,CT
151541.765625,San Pablo,CA
214148.59375,Rockport,MA
67268.671875,Midlothian,VA
162831.734375,South Jordan,UT
154136.953125,White Center,WA
105263.453125,Wolcottville,IN
107857.429688,Ben Lomond,CA
45121.2851562,Tell City,IN
108935.742188,Dent,OH
31386.3457031,Frankfort,IN
314961.75,Sonoma,CA
137841.359375,Gardena,CA
10353.0117188,Lima,OH
59011.6484375,Wethersfield,CT
127987.953125,Shoreline,WA
48612.4492188,Elizabeth Township,PA
119916.867188,Waterford,CT
570621.375,Castle Rock,CO
29653.4140625,Miramar,FL
308856.1875,Sunnyvale,CA
179166.265625,Mill Valley,CA
131753.015625,Winchester,MA
175852.203125,Woodbury,MN
171649.0,Fort Myers Beach,FL
92718.875,Carlsbad,CA
64506.828125,Campton,NH
139395.984375,Salida,CO
48579.1171875,Montrose,CO
33427.7109375,South Hadley,MA
99479.1171875,Rolling Meadows,IL
165101.609375,Placerville,CA
147262.25,Celebration,FL
184008.03125,Buena Vista,CO
138030.515625,Denver,CO
40576.7070312,Cypress Gardens,FL
34107.2304688,Scott Township,PA
97944.578125,Burlington,WA
102438.953125,Hallandale,FL
33742.9726562,Century Village,FL
15588.7548828,Geneva-on-the-Lake,OH
42703.6132812,Reading,PA
189912.453125,Waltham,MA
94938.15625,Pittsfield,MA
25273.8964844,Sebring,FL
66529.3203125,Nampa,ID
50980.7226562,Pueblo,CO
269883.9375,Papillion,NE
117018.476562,Napa,CA
98709.640625,New Castle,DE
103164.257812,Fall River,MA
59123.2929688,Plant City,FL
61960.640625,Bismarck,ND
98291.1640625,Palatine,IL
77835.34375,Nicholasville,KY
402684.78125,Sebastopol,CA
63305.6210938,Seymour,CT
112930.117188,Deming,WA
148311.640625,Town of Londonderry,NH
111529.320312,Buena Park,CA
346785.21875,Greenwich,CT
156362.65625,Stamford,CT
93646.984375,Affton,MO
223711.640625,Kailua,HI
31005.6230469,Brazil,IN
262998.78125,Concord,MA
168945.78125,Wayzata,MN
49997.1875,Ferguson,MO
96556.625,Clarendon Hills,IL
171587.546875,Santa Clarita,CA
101203.210938,Woodland Park,CO
277475.90625,Albany,CA
122393.171875,Raynham,MA
54261.4453125,Hot Springs,AR
61953.8164062,Pontiac,MI
279822.0625,Town of Scituate,MA
58042.9726562,Lake Lotawana,MO
116612.453125,Plymouth,CT
38883.1328125,Kirkland,WA
85197.59375,Saint Augustine,FL
27079.5175781,Norwich,CT
47106.0234375,Town of Rochester,NY
53634.1367188,Erie,PA
93158.6328125,Eagan,MN
25138.5546875,Apple Valley,MN
67061.046875,Concord,NH
72400.0,La Grande,OR
154942.171875,Malden,MA
28081.125,Conway,NH
62728.515625,Norfolk,NE
66868.2734375,West Springfield,MA
77606.0234375,Hollywood,FL
74062.6484375,East Los Angeles,CA
172861.453125,Enumclaw,WA
34751.40625,Morgantown,IN
320185.53125,New York,NY
90712.8515625,Maryland Heights,MO
42310.84375,Peoria Heights,IL
54201.6054688,East Hartford,CT
48881.9257812,Springfield,MO
85324.09375,Town of Duxbury,MA
151100.796875,La Quinta,CA
88638.5546875,Manheim Township,PA
103988.757812,Colville,WA
213972.296875,Bethesda,MD
13914.859375,Augusta,GA
108434.9375,Navarre,FL
127809.640625,Southwick,MA
61359.0351562,La Verne,CA
104619.273438,Lancaster,CA
90185.140625,Selah,WA
154518.078125,Chelsea,MA
79698.390625,Robbinsdale,MN
202988.359375,Lehi,UT
20916.0644531,Walkerton,IN
236553.015625,Coupeville,WA
111101.609375,Sunset Beach,NC
66718.4765625,Anderson,SC
134792.765625,Kaneohe,HI
49577.109375,Harrison Township,PA
90451.40625,Albany,OR
24486.7460938,Hyde Park,NY
368101.5,Berkeley,CA
302478.3125,Burbank,CA
193290.359375,Kailua Kona,HI
50521.2851562,Sanford,NC
128789.554688,Richmond,VA
37245.78125,Peoria,IL
85520.8828125,Longview,WA
124304.820312,Burrillville,RI
83536.546875,Riverhead,NY
174698.796875,Hackensack,NJ
237822.09375,Camano Island,WA
167589.15625,Los Altos,CA
109944.179688,The Crossings,FL
153363.453125,Town of Hingham,MA
20150.6015625,Hudson,OH
114210.445312,Destin,FL
94575.1015625,Miami Lakes,FL
167308.4375,Norton,MA
22720.4824219,Albion,IN
92738.15625,Town of Exeter,NH
214338.15625,Tavernier,FL
46140.9648438,Connersville,IN
106704.820312,Paradise,CA
81978.3125,Hoffman Estates,IL
110696.382812,Scottsdale,AZ
143486.34375,Bandon,OR
40026.1054688,Gulf Shores,AL
104470.28125,Bailey,CO
103588.757812,Cypress,CA
177243.78125,Secaucus,NJ
110345.382812,Hartsel,CO
154352.203125,Portsmouth,NH
158030.515625,Ashburn,VA
61197.1875,Grove City,OH
157959.4375,Barrington,NH
58195.5820312,Loon Lake,WA
71926.1015625,Idaho Falls,ID
182444.171875,Molalla,OR
78138.15625,Royal Oak,MI
133871.890625,Weymouth,MA
116544.179688,New Bedford,MA
125820.078125,Sacramento,CA
104397.992188,Big Bear City,CA
59592.7695312,Cashmere,WA
137739.765625,Oakhurst,CA
191110.046875,Portland,OR
29331.7265625,Concrete,WA
181808.03125,Lorton,VA
119997.992188,Amherst,MA
106758.234375,Troy,MI
56683.1328125,Saint Clair Shores,MI
85836.546875,Middletown,NY
101839.757812,Shelton,WA
32884.7382812,Pendleton,OR
243340.5625,Wellfleet,MA
173859.4375,Saugus,MA
293393.9375,Goleta,CA
378554.15625,Aptos,CA
50539.7578125,Ontario,CA
120846.585938,Guffey,CO
110997.59375,Gulf Breeze,FL
109743.773438,Maplewood,MN
17210.84375,Washington,PA
159609.234375,Edmonds,WA
53310.0390625,Riverview,FL
16890.7636719,Athens,GA
126530.523438,Springfield,VA
124765.867188,Brooklyn Park,MN
43832.9335938,Winter Haven,FL
98326.90625,Golden,CO
116008.4375,Pawtucket,RI
338120.34375,Redondo Beach,CA
122128.914062,Park Ridge,IL
98689.5546875,Wahiawa,HI
156789.953125,Fontana,CA
177440.5625,Oakton,VA
101529.71875,Panama City,FL
57108.03125,Milton,FL
163289.15625,Plymouth,MA
96617.265625,Hendersonville,NC
43710.84375,Pollock Pines,CA
102578.3125,Saint Simons Island,GA
70442.171875,Hoodsport,WA
81728.9140625,Dublin,OH
71337.75,Signal Hill,CA
58829.3164062,Ross Township,PA
134113.65625,Carmel,NY
27263.0527344,Bay Saint Louis,MS
121355.023438,Yelm,WA
113255.421875,Warren,RI
131317.265625,Altadena,CA
85820.484375,Town of Oxford,MA
32509.2363281,Oakville,MO
94557.4296875,Town of Athol,MA
17732.1289062,New Albany,IN
62882.7304688,Grand Island,NE
40402.0078125,Rendon,TX
12738.1523438,Bedford,IN
164816.46875,Issaquah,WA
189159.84375,East Sandwich,MA
16056.6269531,Roselle,IL
84462.25,Vermilion,OH
170997.984375,Norwalk,CT
57214.0546875,Ward,CO
266057.03125,West Bloomfield,MI
68767.875,Spokane,WA
137035.34375,Clayton,MO
89148.59375,Franklin,NH
201848.1875,New Fairfield,CT
20112.0488281,Thomasville,NC
98679.1171875,Haverhill,MA
159538.15625,Town of Ridgefield,CT
286027.6875,San Jose,CA
65120.0820312,Lancaster,PA
72491.96875,Tucker,GA
174191.96875,Town of Marshfield,MA
48154.21875,Livermore,CO
243176.3125,Mashpee,MA
274488.75,Emeryville,CA
108817.265625,Redding,CA
110887.953125,Ken Caryl,CO
41747.7929688,Tehachapi,CA
167035.75,Santa Rosa Beach,FL
12319.2773438,Fort Wayne,IN
24612.0488281,Mountain View,HI
114306.023438,Sanibel,FL
224812.046875,Monte Rio,CA
99550.203125,Blaine,WA
86858.234375,Portsmouth,VA
129855.421875,Methuen,MA
216861.453125,North Bend,WA
33554.6171875,Town 'n' Country,FL
88383.1328125,Town of New Paltz,NY
113498.796875,Tacoma,WA
225410.84375,Eastsound,WA
157722.484375,Bradenton Beach,FL
131431.328125,Olympia,WA
96608.4375,Newark,DE
85803.6171875,Ormond Beach,FL
224202.40625,Fairfield,CT
167065.0625,Lake Saint Louis,MO
94593.171875,Las Vegas,NV
149867.0625,Swansea,MA
104608.03125,Delton,MI
48058.6328125,Cocoa,FL
83697.1875,Seaside,CA
157113.65625,Town of Lunenburg,MA
85208.03125,Wheat Ridge,CO
217821.6875,Dartmouth,MA
67761.046875,Cuyahoga Falls,OH
138880.71875,Woodstock,NY
33813.2539062,Highland,CA
143694.78125,Norwood,MA
129116.46875,Bellingham,WA
165612.84375,Town of Hanover,NH
81383.9375,Marietta,GA
118987.148438,Smithfield,RI
157826.109375,North Andover,MA
118400.804688,Centennial,CO
152669.078125,Fredericksburg,VA
103359.039062,Edina,MN
62844.9804688,Columbus,OH
191287.953125,Windham,NH
283497.25,Monrovia,CA
69291.1640625,Salem,NH
18532.5292969,Pembroke Pines,FL
194297.984375,Hood River,OR
23265.0605469,Union,MO
200604.8125,San Diego,CA
67731.7265625,Mililani,HI
346951.0,Silverado,CA
93676.703125,Boulder Creek,CA
83702.40625,Darien,IL
109361.046875,Jefferson,CO
197187.546875,Key Biscayne,FL
59473.09375,Vestavia Hills,AL
131778.3125,Cumberland,RI
56445.3828125,Town of Johnstown,NY
312034.0625,West Hollywood,CA
35159.0351562,Town of Rutland,MA
162412.84375,Evanston,IL
62581.5273438,Mammoth Lakes,CA
496439.25,Woodside,CA
114679.921875,Belle Haven,VA
14851.8076172,Bartlesville,OK
97529.3203125,Lincoln,NE
148617.671875,Northwood,NH
211620.890625,Longboat Key,FL
11300.8027344,New Port Richey,FL
50789.9609375,Winston-Salem,NC
104410.445312,Springfield,OR
21252.2089844,Indianapolis,IN
83166.265625,North Miami Beach,FL
19533.3339844,New Philadelphia,OH
105777.914062,Mount Prospect,IL
63104.8203125,Mehlville,MO
80883.53125,Abington,PA
93574.6953125,Lisle,IL
148460.234375,Town of Salisbury,MA
74164.65625,Roseburg,OR
61091.5664062,Monroe,CT
199349.796875,Upland,CA
38539.359375,Red Feather Lakes,CO
50405.2226562,Penn Hills,PA
133003.21875,Derby,CT
62355.0195312,Memphis,TN
38259.4375,American Fork,UT
114736.546875,Union City,NJ
462007.90625,Larkspur,CO
105897.1875,Niles,IL
21518.875,Sullivan,MO
97146.984375,Northlake,IL
140160.640625,Palm Beach,FL
129573.492188,Lauderdale-by-the-Sea,FL
18743.3730469,Fleming Island,FL
194084.34375,Medford,MA
20101.2050781,Brighton,MI
53687.5507812,Detroit,MI
18873.8964844,Southfield,MI
41831.3242188,Town of Elmira,NY
44629.71875,Titusville,FL
108483.9375,Savannah,GA
166222.890625,Morrison,CO
17935.3417969,Norman,OK
82656.625,Owatonna,MN
12604.8193359,Homestead,FL
8442.97167969,Baytown,TX
149894.78125,South Kingstown,RI
41445.3828125,Town of Holland,MA
86514.859375,Gulfport,FL
82466.265625,Frazier Park,CA
16446.5859375,Hamilton,OH
126260.242188,Weaverville,NC
47315.2617188,Holyoke,MA
115477.914062,Vancouver,WA
136432.53125,Fernandina Beach,FL
17034.1367188,Yakima,WA
154252.609375,Rutherford,NJ
39651.0039062,Gunnison,CO
18151.40625,Mccandless Township,PA
155546.59375,Salem,MA
105698.796875,Warwick,RI
29046.5859375,Cripple Creek,CO
329142.09375,Petaluma,CA
46058.6328125,Attleboro,MA
83885.9453125,Georgetown,SC
195683.53125,Grapeview,WA
177410.4375,Fairhaven,MA
27975.0996094,Temple Terrace,FL
83483.53125,Tilton,NH
48927.3085938,Akron,OH
259514.859375,Cazadero,CA
231934.53125,Truckee,CA
107711.648438,Middletown Township,PA
75848.9921875,Palm Beach Gardens,FL
103717.671875,Anchorage,AK
92228.109375,Visalia,CA
160567.0625,Sammamish,WA
135381.921875,Canton,MA
64505.6210938,Windsor,CT
110581.929688,Bellevue,NE
120920.484375,Everett,WA
118997.59375,Running Springs,CA
45003.6132812,Henderson,KY
155805.625,North Kingstown,RI
150195.1875,Tyngsboro,MA
273270.6875,Ossining,NY
63295.5820312,Coral Springs,FL
84597.1875,Plainville,CT
377831.3125,Santa Monica,CA
133237.34375,Brookfield,CT
23083.5332031,Aurora,CO
77651.40625,Englewood,FL
136780.71875,Coventry,RI
221687.546875,Lone Tree,CO
126304.015625,South Pasadena,CA
127652.609375,Eden Prairie,MN
120197.1875,Woodbury,CT
198815.65625,Miami Beach,FL
98497.59375,South Padre Island,TX
86619.2734375,Prospect Heights,IL
64916.4648438,Lancaster,OH
60489.5585938,Parker,CO
26437.3496094,Schenectady,NY
127467.875,Gresham,OR
89176.3046875,Westminster,CO
157583.125,Wayne,NJ
76059.4375,Waterford,MI
88985.5390625,Madera,CA
15736.9482422,Elyria,OH
92335.7421875,Enfield,CT
107982.328125,Albuquerque,NM
110835.34375,Bloomington,MN
87545.78125,Loveland,OH
104391.164062,Keaau,HI
98590.359375,Sedalia,CO
77993.578125,Yucca Valley,CA
27514.859375,Clarksville,IN
63412.046875,Wallingford,CT
73387.546875,Tampa,FL
90290.359375,Sugarloaf,CA
121831.726562,Charlottesville,VA
91032.9296875,Mountain Village,CO
70247.7890625,Sandy,OR
56151.8085938,Milford Township,MI
109393.578125,Wheaton,IL
94625.3046875,Watertown,CT
81600.0,Palm City,FL
94737.75,Carol Stream,IL
50622.890625,Largo,FL
217708.4375,Surfside,FL
194557.03125,Braintree,MA
38053.8164062,Evergreen,CO
240433.734375,Honolulu,HI
232053.8125,Greenbank,WA
526801.9375,Roxborough Park,CO
39813.2539062,Lauderdale Lakes,FL
101548.992188,Mukilteo,WA
121035.742188,Saint Pete Beach,FL
161858.234375,Valley Township,PA
62220.0820312,Conifer,CO
40851.0039062,Sun City Center,FL
31165.8632812,Washington,NH
189295.578125,South Lake Tahoe,CA
220249.390625,Truro,MA
133479.515625,Paramount,CA
123916.46875,Town of Warwick,NY
170532.9375,Forest Lake,MN
17221.6875,Middleburg,FL
139758.234375,Redlands,CA
31140.1601562,Idaho Springs,CO
143998.796875,Milwaukie,OR
15559.0361328,South Blooming Grove,NY
33004.4179688,Albany,NY
52522.0898438,Bradenton,FL
91093.578125,Marysville,CA
485013.53125,Haiku,HI
57540.9648438,Englewood,CO
147744.171875,Providence,RI
117034.132812,Hillsboro Beach,FL
264551.0,Hampton Bays,NY
42596.7890625,Waterbury,CT
117413.65625,Oak Park,IL
102983.9375,Ellijay,GA
162065.0625,Oregon City,OR
84969.078125,Richfield,MN
46191.96875,Twentynine Palms,CA
58244.578125,Dunnellon,FL
84689.9609375,Hamden,CT
207224.90625,Glendale,CA
159878.3125,Los Gatos,CA
189736.953125,Southeast,NY
89897.1875,Town of Groton,CT
515045.78125,San Francisco,CA
141683.53125,Burlington,VT
14555.0205078,Livonia,MI
48136.546875,Arlington,TX
195754.625,Menifee,CA
125000.0,Wailuku,HI
68908.03125,Cincinnati,OH
50145.3828125,Bedford,NH
39522.890625,Ocala,FL
243338.15625,Vail,CO
67289.9609375,Sun City,AZ
119050.601562,Gatlinburg,TN
213651.0,Mount Ivy,NY
200877.109375,Huntington,VA
98876.3046875,Front Royal,VA
66951.40625,University City,MO
60024.8984375,Spencer,IN
63006.4257812,Westlake,OH
174863.046875,Peabody,MA
81030.921875,Lower Allen Township,PA
60714.4570312,Inman,SC
122141.765625,Grants Pass,OR
16836.546875,Jasper,IN
96126.90625,Phoenix,AZ
204397.59375,Mc Lean,VA
128934.539062,Wolcott,CT
51624.0976562,Tamarac,FL
138852.609375,Shelbyville,MI
79969.4765625,Coos Bay,OR
98376.3046875,Colorado Springs,CO
70969.8828125,Wilmington,NC
67746.5859375,Lutz,FL
20785.9433594,Estero,FL
29994.7792969,Town of Mayfield,NY
124340.164062,Everett,MA
199887.546875,Westford,MA
64917.671875,Hartford,CT
45453.4140625,Big Bear Lake,CA
160091.5625,Burke,VA
116242.570312,Canton,GA
111632.929688,Manassas,VA
60573.09375,Norwood,OH
85326.1015625,Kendall West,FL
108414.460938,Divide,CO
53460.2421875,Hawaiian Gardens,CA
14000.8027344,Norton Shores,MI
376080.3125,Lahaina,HI
257664.25,Newton,MA
153616.0625,Swampscott,MA
105858.632812,Nashville,IN
56381.5273438,Massillon,OH
54607.2304688,Manchester,CT
144824.5,Palmdale,CA
74413.65625,Waterville Valley,NH
15401.6064453,Anthony,NM
124461.046875,Aventura,FL
204912.84375,Trumbull,CT
50144.578125,Pine,CO
250039.359375,Bal Harbour,FL
198679.921875,Grass Valley,CA
202039.359375,North Bethesda,MD
95466.265625,Saint Charles,MO
23069.0761719,Sanger,CA
317888.34375,Watsonville,CA
80692.3671875,Lebanon,NH
178440.5625,Greenwood Village,CO
121732.125,Beaumont,CA
192517.671875,Key Largo,FL
94293.171875,Sarasota,FL
66729.3203125,Warsaw,IN
152002.8125,Holden,MA
203314.0625,Snohomish,WA
138026.5,Drake,CO
128102.8125,Leesburg,VA
162847.796875,Palm Desert,CA
97681.125,King of Prussia,PA
215480.71875,Harwich,MA
111717.265625,Lake Oswego,OR
292884.75,Felton,CA
37681.125,The Dalles,OR
77315.2578125,Carolina Beach,NC
128368.671875,Sterling,VA
168700.796875,Tahoe City,CA
81353.015625,Tahuya,WA
162354.21875,Azusa,CA
118539.359375,West Saint Paul,MN
47911.2460938,Orleans,MA
45246.1835938,Toledo,OH
84943.375,Waukee,IA
93013.65625,Fountainbleau,FL
85161.046875,Whittier,CA
101091.164062,Florissant,CO
46544.578125,Rockledge,FL
17748.9960938,Rushville,IN
16418.0722656,Winona,MN
74270.6796875,Findlay,OH
172489.15625,Broomfield,CO
82008.4375,Smyrna,GA
15229.3173828,Abilene,TX
91489.5546875,Glenvar Heights,FL
119532.53125,Johnston,RI
89728.109375,Newport News,VA
184756.625,Gloucester,MA
81147.7890625,Waynesville,NC
30681.5253906,North Fort Myers,FL
79432.53125,Chelan,WA
103733.335938,Ocean Isle Beach,NC
87197.59375,Fairview Park,OH
52014.0546875,North Port,FL
28012.0488281,Biloxi,MS
22852.2089844,Venice,FL
84355.421875,Willowbrook,IL
251235.75,Pasadena,CA
100254.21875,Tuscaloosa,AL
103376.703125,Chesapeake,VA
139247.796875,Town of Andover,MA
95752.2109375,Merrimack,NH
93486.34375,South Lyon,MI
42781.5273438,Tulsa,OK
88742.5703125,Reno,NV
187988.359375,North Smithfield,RI
107483.9375,Charlotte,NC
15681.5263672,Creve Coeur,IL
46583.5351562,Lake Worth,FL
105550.203125,Danbury,CT
124404.414062,Orange Beach,AL
21923.6953125,Concord,NC
26264.6582031,Margate,FL
102732.125,New Haven,CT
83074.6953125,Woodburn,OR
106677.109375,Holland,MI
144312.453125,Liberty,MO
345200.875,Burlingame,CA
213209.640625,Steamboat Springs,CO
18080.3203125,Crestview,FL
36080.7226562,Niwot,CO
51056.625,Loveland,CO
13062.6503906,Lake Isabella,CA
71671.890625,Broadview Heights,OH
149417.265625,Port Ludlow,WA
81633.734375,Flagler Beach,FL
90549.3984375,Southbury,CT
245122.484375,Washington,DC
169164.65625,Orem,UT
100669.476562,Killingly,CT
82053.8125,Waukesha,WI
38920.4804688,North Weeki Wachee,FL
60715.6640625,Overland,MO
89423.296875,Tolland,CT
89101.203125,Mooresville,NC
66859.8359375,Jacksonville,FL
52524.4960938,Kernersville,NC
87080.3203125,Bloomington,IN
137714.0625,Hacienda Heights,CA
52169.078125,Seminole,FL
45627.3085938,Florissant,MO
100286.75,Boise,ID
71671.890625,Duluth,MN
96484.7421875,Saint Paul,MN
87042.5703125,Liberty Lake,WA
57645.3828125,Porterville,CA
312319.6875,San Mateo,CA
114347.390625,Lafayette,CO
114331.726562,Minneapolis,MN
104767.875,Huron,OH
29461.0449219,Maple Falls,WA
91486.75,Ellington,CT
130454.21875,Lower Merion Township,PA
33776.3046875,Woodbridge,VA
67309.234375,Fresno,CA
61462.25,Lemay,MO
91683.1328125,Forest Park,IL
29326.5058594,Town of Milford,MA
89632.125,Saint George,UT
43606.828125,Chantilly,VA
197863.046875,Bristol,RI
66085.5390625,Greencastle,IN
69783.9375,Portage Lakes,OH
15457.8310547,Middletown,OH
25669.8789062,Lexington,NC
135379.109375,Prior Lake,MN
